"SampleID","TA","Mass","Salinity"
"JUNK1",2111.92270469919,60.114,35
"CRM1",2216.30267193929,60.321,33.623
