SampleID,TA,Mass,Salinity
JUNK 1,2109.010853,58.53,35
Initial2_20200104_2,2323.451547,61.219,37.31
POR-221_20200104_1,2279.885705,60.32,36.8
POR-236_20200104_2,2304.69755,59.684,36.82
POR-235_20200104_2,2330.783347,60.356,37.65
ACR-247_20200104_1,2331.749756,61.125,37.4
BK-1_20200104_1,2356.03458,60.851,37.64
ACR-244_20200104_2,2312.643057,59.306,37.53
ACR-243_20200104_1,2313.964078,60.283,37.83
