"SampleID","TA","Mass","Salinity"
"JUNK 1",2111.43632698158,59.295,35
"CRM",2223.01219472575,60.11,33.623
