SampleID,TA,Mass,Salinity
JUNK1,2054.493903,59.536,35
CRM1,2218.256218,60.373,33.623
