"SampleID","TA","Mass","Salinity"
"JUNK 1",2459.95448201918,58.154,35
"BK-12_20201107_12",2315.17966562149,54.23,38.59
"Initial2_20201107_11",2323.62603525622,52.308,38.47
"Initial1_20201107_11",2339.57832176954,51.364,39.3
"POR-82_20201107_12",2204.67127586361,54.183,38.1
"POR-81_20201107_12",2546.20421209655,46.797,42.17
"POR-83_20201107_12",2158.60912595053,54.008,37.96
"Initial2_20201107_12",2313.85677709639,51.491,38.7
