"SampleID","TA","Mass","Salinity"
"JUNK 1",2574.64141520221,51.478,35
"CRM",2226.15037249824,59.467,33.623
