"SampleID","TA","Mass","Salinity"
"JUNK",2673.04189227238,60.157,35
"CRM176",2219.73389000668,60,33.532
"CRM202",2210.18626151205,60.007,33.356
