"SampleID","TA","Mass","Salinity"
"JUNK1",1934.9754608898,60.346,35
"BLANK-11",2324.15793070253,59.752,39.4
"POC-56",2306.07052131465,59.896,39.42
"POC-40",2296.8754717866,60.336,39.42
"INITIAL-1",2336.55412418495,59.76,39.41
"ACR-178",2269.5758792525,59.807,39.42
"POR-78",2159.98302587912,60.382,39.41
"POR-70",2181.20006133922,59.548,39.42
"ACR-190",2284.78864861159,59.863,39.44
