"SampleID","TA","Mass","Salinity"
"JUNK1",2020.61803398065,60.11,35
"POR-367",2271.59356605544,59.959,37.32
"POR-353",2246.61383181666,60.357,37.32
"POC-359",2320.53306339006,59.601,37.29
