"SampleID","TA","Mass","Salinity"
"JUNK1",2068.20441938378,60.092,35
"CRM1",2235.85627369146,60.164,33.532
