"SampleID","TA","Mass","Salinity"
"JUNK1",2054.02613250323,59.274,35
"POC-239",2306.5582479409,60.457,37.03
"INITIAL-1",2326.70163790808,59.894,37.02
"POR-209",2264.45200886421,60.23,37.02
"POC-217",2311.25957759366,60.113,37.01
"BLANK-3",2319.26542652208,59.689,37.02
"POR-221",2182.94073170753,60.417,37.01
"POC-259",2296.67568383529,59.997,37.04
"POC-207",2310.85147978003,59.653,37.04
