"SampleID","TA","Mass","Salinity"
"TANK1",2066.79468144144,60.3,32.14
"TANK2",2070.19831122349,60.183,32.14
"TANK3",2069.37369394528,59.66,32.14
