"SampleID","TA","Mass","Salinity"
"JUNK1",2052.51565108008,60.179,35
"TANK1",2020.93377543849,60.042,33.26
"TANK2",2015.34836961129,59.839,33.26
"TANK3",2010.67258650179,59.785,33.26
