"SampleID","TA","Mass","Salinity"
"JUNK1",2073.44893594345,60.115,35
"CRM1",2228.12196730964,59.965,33.532
