"SampleID","TA","Mass","Salinity"
"JUNK1",2103.29959585371,60.006,35
"CRM1",2214.46221982744,60.414,33.623
