"SampleID","TA","Mass","Salinity"
"JUNK 1",2211.9591339661,56.598,35
"CRM",2224.5797358743,59.562,33.623
