"SampleID","TA","Mass","Salinity"
"JUNK1",2023.62860758224,60.323,35
"ACR-360",2299.24809778777,59.666,37.3
"POR-355",2272.98399534722,60.365,37.29
"POC-394",2331.64157338251,59.807,37.3
"ACR-351",2308.62561873151,59.796,37.27
"BLANK-5",2341.16654731596,59.832,37.3
"INITIAL-1",2349.40134517588,60.137,37.3
"ACR-368",2335.36944848248,60.295,37.32
"POR-349",2312.55677108142,59.746,37.28
