"SampleID","TA","Mass","Salinity"
"JUNK 1",2691.57340032282,59.894,35
"CRM",2226.16460642496,59.539,33.623
