"SampleID","TA","Mass","Salinity"
"JUNK1",2069.91190028144,59.804,35
"CRM1",2231.06836590065,60.285,33.532
