"SampleID","TA","Mass","Salinity"
"JUNK1",2069.4629943409,59.955,35
"CRM1",2227.05548074987,60.177,33.532
