"SampleID","TA","Mass","Salinity"
"JUNK 1",2334.31722455375,60.32,35
"CRM",2215.5293583203,60.242,33.623
