"SampleID","TA","Mass","Salinity"
"JUNK2",1952.94362935922,59.87,35
"HT1",1425.11693587077,60.103,33.15
"HT2",1428.3420479512,60.421,33.15
"BT1",1426.06916039088,60.073,33
"BT2",1421.68939721082,60.012,33
"BT3",1421.78294377376,59.622,33
"QT1",2264.66373819472,60.252,34.23
"QT2",2267.39816612976,59.973,34.23
