"SampleID","TA","Mass","Salinity"
"JUNK",1726.46595837452,59.31,35
"CRM-A",2217.32320164106,60.158,33.532
"CRM-B",2215.26790618749,60.34,33.532
"CRM-C",2200.74795252289,60.198,33.532
