"SampleID","TA","Mass","Salinity"
"JUNK 1",2271.10516044977,60.769,35
"CRM",2221.52783419742,60.087,33.623
