"SampleID","TA","Mass","Salinity"
"JUNK",1729.97854675491,60.114,35
"CRM",2217.86997163063,60.296,33.623
