"SampleID","TA","Mass","Salinity"
"JUNK1",1844.40951345787,60.018,35
"POR-81",2279.69144608703,59.848,39.33
"POR-74",2287.49989551604,60.48,39.42
"Initial-1",2328.69668652401,60.174,39.59
"POC-41",2298.07620701969,60.024,39.44
"POC-47",2307.75218797885,60.395,39.51
"BK-12",2328.61428528263,60.067,39.43
"POR-76",2155.56493361319,60.179,39.53
"ACR-140",2277.19768756345,59.914,39.75
