"SampleID","TA","Mass","Salinity"
"JUNK 1",4095.35381751179,24.748,35
"ACR-218_20201102_2",2194.16800621319,55.877,39.66
"POC-205_20201102_1",2280.55671337938,54.129,39.67
"POC-222_20201102_2",2314.33751011615,56.28,39.5
"ACR-393_20201105_8",2328.77102839356,53.989,39.65
"POR-367_20201105_7",2268.30315763072,59.917,39.2
"POC-200_20201102_1",2309.16733300444,56.301,39.63
"POR-381_20201105_8",2190.69776708499,60.546,39.37
"BK-7_20201105_7",2342.26237584896,57.006,39.43
