"SampleID","TA","Mass","Salinity"
"JUNK 1",2453.36553835887,51.4,35
"POR-357_20201105_7",2287.31341064714,56.134,39.5
"POC-391_20201105_8",2315.54576658992,56.953,39.25
"POC-375_20201105_7",2318.89852997607,58.838,38.89
"Initial2_20201105_7",2345.46256003012,54.44,39.03
"POC-394_20201105_8",2314.70149507121,55.353,38.91
"POC-377_20201105_7",2317.55119477116,54.729,38.91
"POC-378_20201105_7",2247.99033241478,56.844,38.71
"ACR-234_20201102_1",2233.43928101826,54.75,38.98
