"SampleID","TA","Mass","Salinity"
"JUNK 1",2460.714524813,51.478,35
"CRM",2219.3566865192,59.467,33.623
