"SampleID","TA","Mass","Salinity"
"JUNK 1",2454.79680773956,53.023,35
"POC-42_20201106_9",2279.72265502755,52.572,39.39
"POR-240_20201102_2",2304.73125826313,55.106,39.54
"Initial2_20201105_8",2340.89754965025,57.739,39.49
"Initial2_20201102_1",2303.27970528217,61,39.47
"ACR-390_20201105_7",2307.2889274614,59.167,39.46
"BK-2_20201102_2",2255.41764307573,57.563,39.25
"POR-384_20201105_8",2290.54092516764,56.42,39.28
"POC-395_20201105_8",2324.36352467159,56.254,39.17
