"SampleID","TA","Mass","Salinity"
"JUNK 1",2459.19917803412,59.523,35
"ACR-398_20201104_6",2330.44006201598,60.171,38.15
"POR-242_20201103_3",2308.52710860979,59.267,38.19
"POC-371_20201104_6",2322.18041790061,60.5,38.26
"POC-255_20201103_4",2333.55238385703,60.396,38.44
"POC-373_20201104_6",2312.65501935569,60.412,38.46
"ACR-267_20201103_4",2207.29419877694,59.97,38.47
"POC-207_20201102_1",2324.88340641967,60.167,38.34
"BK-1_20201102_1",2348.63579061026,60.244,38.44
