"SampleID","TA","Mass","Salinity"
"JUNK1",2030.80445223374,60.035,35
"INITIAL-2",2325.79665116253,59.525,36.03
"ACR-225",2229.92073279084,60.488,36.03
"POC-215",2271.34957005683,59.695,36.02
"BLANK-1",2298.63819200678,60.297,36.03
"POR-224",2206.22121318086,60.266,36
