"SampleID","TA","Mass","Salinity"
"JUNK 1",2120.85913982344,60.456,35
"CRM",2223.64962171556,59.596,33.623
