"SampleID","TA","Mass","Salinity"
"JUNK1",2766.9919084924,60.137,35
"CRM1",2226.22004515256,60.18,33.623
"CRM2",2224.4256267384,60.274,33.623
"CRM3",2224.20197069824,60.29,33.623
"CRM4",2225.54963650217,60.077,33.623
"CRM5",2228.2924875591,60.135,33.623
