"SampleID","TA","Mass","Salinity"
"JUNK1",2593.49792303463,59.912,35
"HT1",2709.36597430246,60.393,34.55
"HT2",2710.26314243623,59.841,34.55
"BT1",2708.42360442668,60.373,34.28
"BT2",2708.51057799141,59.978,34.28
"BT3",2706.96285925233,60.237,34.28
"QT1",2813.16567425875,60.482,34.01
"QT2",2814.39469561361,59.512,34.01
