SampleID,TA,Mass,Salinity
JUNK1,1981.003448,60.113,35
CRM1,2182.69197,60.225,33.417
CRM2,2183.070705,59.774,33.417
CRM3,2179.989317,60.107,33.417
CRM4,2180.118916,60.161,33.417
CRM5,2194.262889,59.659,33.417
CRM6,2194.808799,59.719,33.417
CRM7,2192.134088,59.651,33.417
CRM8,2192.253611,59.892,33.417