"SampleID","TA","Mass","Salinity"
"JUNK1",1981.00344776186,60.113,35
"CRM1",2182.6919702618,60.225,33.417
"CRM2",2183.07070492727,59.774,33.417
"CRM3",2179.98931687645,60.107,33.417
"CRM4",2180.1189155138,60.161,33.417
"CRM5",2194.26288939324,59.659,33.417
"CRM6",2194.8087986166,59.719,33.417
"CRM7",2192.13408833921,59.651,33.417
"CRM8",2192.25361055657,59.892,33.417
