"SampleID","TA","Mass","Salinity"
"JUNK 1",2083.14922022223,59.95,35
"Initial1_20200105_3",2273.21421432622,37.256,35.6
"POR-216_20200106_5",2338.40198833576,59.738,37.61
"BK-5_20200106_5",2356.92038174169,60.523,37.46
"BK-2_20200104_2",2359.63363899224,60.817,37.51
"ACR-389_20200106_6",2332.09832552399,59.824,38.77
"POC-248_20200104_2",2125.46803423405,29.433,35.4
"Initial2_20200106_5",2195.53421035618,27.034,36.49
"Initial2_20200111_14",2341.65788598633,49.902,37.15
