"SampleID","TA","Mass","Salinity"
"POR-387_20200108_9",2305.2532050789,51.915,37.46
"ACR-145_20200111_14",2328.40214410025,48.758,37.49
"ACR-165_20200111_14",2292.71004679012,51.182,37.55
"POC-55_20200111_14",2324.54047311827,48.309,37.62
"POC-53_20200111_14",2331.14166153852,50.319,37.6
"POR-73_20200111_14",2347.30681124782,49.319,37.22
"POR-82_20200111_14",2290.74187395599,52.039,37.24
"POC-57_20200111_14",2397.20881522571,43.858,38.71
"POC-372_20200108_9",2318.10585828429,51.839,37.24
