"SampleID","TA","Mass","Salinity"
"JUNK 1",2113.98589947323,59.645,35
"CRM",2226.34884419214,60.055,33.623
