"SampleID","TA","Mass","Salinity"
"JUNK 1",2111.58104510013,60.763,35
"POR-253_20200105_4",2200.01988329929,60.611,37.16
"POR-251_20200106_5",2245.50642375523,60.02,37.14
"POR-266_20200105_3",2241.96263351091,60.063,37.21
"POC-207_20200105_4",2330.15528802092,59.83,37.17
"POR-245_20200105_3",2297.8552385945,59.366,37.18
"ACR-258_20200105_3",2329.42448445775,60.03,37.33
"BK-5_20200106_5",2323.33424545149,60.164,37.24
"POC-259_20200105_3",2274.74885372869,60.668,37.14
