SampleID,TA,Mass,Salinity
CRM1,2205.731211,60.297,33.623
CRM2,2194.005521,60.319,33.623
CRM3,2192.044753,59.881,33.623
CRM4,2196.378938,59.971,33.623
