"SampleID","TA","Mass","Salinity"
"JUNK1",2287.93050822118,60.399,35
"CRM1",2228.8510392502,59.726,33.623
