"SampleID","TA","Mass","Salinity"
"JUNK 1",2483.83350078833,60.305,35
"INITIAL2_20200107_8",2360.47591252017,59.997,40.96
"POR-381_20200107_8",2306.57442516433,59.691,40.99
"ACR-364_20200107_8",2341.1623523524,60.528,40.86
"POC-373_20200107_8",2274.75421927941,60.144,40.72
"POC-394_20200107_8",2349.66741499158,60.258,40.3
"ACR-363_20200107_8",2326.21348530259,59.786,40.96
"POR-357_20200107_8",2320.55603494431,60.547,40.81
"INITIAL1_20200107_8",2354.24312592838,59.783,40.59
