SampleID,TA,Mass,Salinity
JUNK 1,2486.927286,60.388,35
BK1_20200909_1,2344.786006,60.492,40.7
Initial2_20200909_1,2346.26208,60.095,40.71
POC-358_20200909_1,2300.881229,60.436,40.74
POC-372_20200909_1,2299.233411,60.256,40.77
POC-386_20200909_1,2266.339981,60.454,40.84
POR-357_20200909_1,2293.518201,59.981,40.75
POC-365_20200909_1,2228.513116,60.359,40.84
POC-367_20200909_1,2246.409243,60.109,40.98
