SampleID,TA,Mass,Salinity
JUNK 1,2483.833501,60.305,35
Initial2_20200107_8,2360.475913,59.997,40.96
POR-381_20200107_8,2306.574425,59.691,40.99
ACR-364_20200107_8,2341.162352,60.528,40.86
POC-373_20200107_8,2274.754219,60.144,40.72
POC-394_20200107_8,2349.667415,60.258,40.3
ACR-363_20200107_8,2326.213485,59.786,40.96
POR-357_20200107_8,2320.556035,60.547,40.81
Initial1_20200107_8,2354.243126,59.783,40.59
