"SampleID","TA","Mass","Salinity"
"JUNK 1",2118.57179032545,45.928,35
"POC-45_20200111_15",2331.34309483991,49.453,37.63
"POR-74_20200111_14",2226.307629524,49.906,37.42
"BK-14_20200111_14",2341.39810056442,51.681,36.79
"Initial1_20200111_14",2337.79600373428,50.312,37.71
"ACR-185_20200111_14",2287.78789153843,51.132,36.84
"POC-50_20200111_15",2325.35604332038,50.158,36.24
"POC-68_20200111_15",2323.6250634649,49.396,36.2
"POR-83_20200111_15",2242.81069309612,50.659,37.42
