"SampleID","TA","Mass","Salinity"
"JUNK 1",2113.02829808583,54.701,35
"CRM",2224.74999473124,59.548,33.623
