"SampleID","TA","Mass","Salinity"
"JUNK1",2671.29994787645,59.69,35
"POC-53",2318.41849540092,60.117,40.65
"POR-83",2239.15805644992,59.85,40.61
"POR-72",2310.663725872,59.733,40.65
"POR-75",2227.34385113541,60.328,40.63
"POC-52",2171.03862117238,60.093,40.65
