"SampleID","TA","Mass","Salinity"
"JUNK1",2067.51071514707,59.768,35
"CRM1",2220.55857081608,60.361,33.532
