"SampleID","TA","Mass","Salinity"
"JUNK1",2065.20724178185,59.908,35
"CRM1",2272.88696626803,59.751,33.623
