"SampleID","TA","Mass","Salinity"
"JUNK 1",2489.40783839216,58.13,35
"POC-391_20200107_8",2323.87908399899,59.986,41.93
"POC-254_20200104_1",2336.21905617699,60.298,41.14
"Initial1_20200104_1",2355.49783945643,59.705,41.32
"BK-8_20200107_8",2366.6977557266,60.216,41.8
"Initial2_20200104_1",2350.25701781613,60.648,41.76
"Initial2_20200108_9",2343.99480084134,59.581,41.58
"Initial1_20200108_9",2308.83693551572,59.802,41.48
"ACR-368_20200107_8",2330.21079639068,60.478,41.49
