"SampleID","TA","Mass","Salinity"
"JUNK 1",2484.84902489365,59.981,35
"ACR-267_20200104_2",2315.30616193785,59.511,41.47
"ACR-228_20200104_2",2345.611686258,60.255,41.27
"POC-219_20200102_1",2321.50614387724,60.75,41.38
"POR-214_20200104_1",2340.83916556011,59.614,40.93
"ACR-256_20200104_2",2308.17128720367,59.637,41.42
"POC-239_20200104_1",2332.69129158155,60.495,40.93
"POR-242_20200104_1",2305.38159396783,59.97,40.31
"POR-262_20200104_1",2204.22422119909,60.699,40.48
