"SampleID","TA","Mass","Salinity"
"JUNK 1",2492.49436420249,59.28,35
"CRM",2221.92278126611,59.631,33.623
