"SampleID","TA","Mass","Salinity"
"JUNK 1",2326.14747131241,59.688,35
"CRM 1",2200.16928073894,60.469,33.623
