"SampleID","TA","Mass","Salinity"
"JUNK 1",2685.04458816132,60.38,35
"CRM",2227.7081607157,59.655,33.623
