SampleID,TA,Mass,Salinity
20200126_T1,2028.937514,59.4537,NA
20200126_T2,2016.512226,59.702,NA
JUNK1,1791.445663,59.81,35
CRM 1,2215.554765,59.561,33.417
