"SampleID","TA","Mass","Salinity"
"JUNK1",1901.82964482375,59.842,35
"CRM",2208.66421482618,60.06,33.623
