"SampleID","TA","Mass","Salinity"
"JUNK1",1805.07359555341,60.116,35
"CRM1",2210.4232629642,59.791,33.623
