SampleID,TA,Mass,Salinity
JUNK1,2021.113958,59.52,35
INITIAL-1,2328.815162,59.78,36.1
POR-214,2166.262087,59.875,36.12
POC-200,2257.931561,60.457,36.08
POC-255,2290.17382,60.446,36.1
ACR-237,2282.117545,59.516,36.11
POR-253,2121.493182,59.948,36.09
ACR-258,2263.09945,59.723,36.12
INITIAL-2,2354.906625,59.539,36.52
