"SampleID","TA","Mass","Salinity"
"JUNK 1",2649.21056653267,59.936,35
"CRM 1",2227.45979921768,60.281,33.623
