"SampleID","TA","Mass","Salinity"
"JUNK1",2127.87573977338,59.736,35
"POR-365",2302.22568628682,60.488,37.66
"POC-369",2332.48754752583,59.741,37.64
"INITIAL-2",2338.97139177075,59.892,37.61
"POR-340",2267.76065570345,59.596,37.64
"BLANK-8",2334.95502705341,60.035,37.63
"POR-385",2268.85278894355,59.742,37.65
"POC-372",2321.65688763208,59.923,37.68
"POC-375",2303.3815103305,60.203,37.65
