"SampleID","TA","Mass","Salinity"
"JUNK1",2018.39880477983,60.226,35
"INITIAL-1",2309.66768581353,60.083,37.38
"INITIAL-2",2310.6341993138,59.885,37.38
"BLANK-2",2312.66284694853,59.917,37.4
"POC-201",2302.40007114124,59.624,37.4
"ACR-244",2277.31062313817,59.786,37.39
"POR-235",2288.18858541504,59.525,37.41
"ACR-229",2272.13489556652,59.84,37.38
"POR-245",2268.37232119263,60.317,37.43
