"SampleID","TA","Mass","Salinity"
"JUNK 1",2459.29679378405,59.988,35
"POC-47_20201106_10",2375.5342994637,51.096,41.06
"POR-72_20201106_10",2243.16767843438,52.797,39.62
"ACR-175_20201106_10",2299.00502208147,53.497,39.09
"POC-44_20201106_10",2312.11908557437,53.392,39.45
"POC-43_20201106_9",2279.50745815312,53.086,39.33
"POR-69_20201106_9",2214.73618206089,55.09,39.22
"POR-71_20201106_9",2294.02013089937,52.441,40.5
"Initial1_20201106_10",2313.52693542469,52.299,39.07
