"SampleID","TA","Mass","Salinity"
"JUNK 1",2454.64790545986,60.548,35
"CRM",2221.94262909861,59.396,33.623
