"SampleID","TA","Mass","Salinity"
"JUNK 1",2468.46389501091,60.2,35
"CRM",2234.10485390436,59.83,33.623
