"SampleID","TA","Mass","Salinity"
"JUNK 1",2239.7005953516,59.925,35
"CRM",2225.21840377717,59.521,33.623
