"SampleID","TA","Mass","Salinity"
"JUNK1",2048.4918806143,60.049,35
"POR-236",2210.78794910016,59.592,35.35
"POR-206",2169.18082109917,60.638,35.38
"INITIAL-2",2314.88140617624,60.075,35.35
"POR-260",2215.42467558492,59.651,35.5
"POC-222",2294.11805543367,59.754,35.49
"POR-242",2002.10749874344,60.135,35.5
"POR-266",2128.69485050727,60.084,35.49
"POC-248",2291.29416890313,60.283,35.5
