SampleID,TA,Mass,Salinity
JUNK1,932.4357056,59.701,35
CRM1,2211.139264,59.861,33.417
CRM2,2213.599263,60.436,33.417
CRM3,2218.811032,60.178,33.417
CRM4,2208.830425,60.307,33.417
CRM5,2203.497378,60.315,33.417
CRM6,2213.354976,60.201,33.417
CRM7,2230.94523,60.413,33.417
CRM8,2222.545765,60.105,33.417
