"SampleID","TA","Mass","Salinity"
"JUNK1",1791.44566335087,59.81,35
"CRM 1",2215.55476501538,59.561,33.417
