"SampleID","TA","Mass","Salinity"
"JUNK1",2055.95690055683,60.469,35
"TANK1",2051.35699762882,60.165,32.21
"TANK2",2052.30303988619,59.926,32.21
"TANK3",2047.19508581327,59.838,32.21
"POC-257",2304.39491822251,60.182,36.79
"POR-240",2264.7888394949,60.261,36.88
"POR-262",2258.24520916086,59.802,36.87
"POC-254",2298.56767821916,60.339,36.86
"ACR-265",2293.78356234158,59.977,37
