"SampleID","TA","Mass","Salinity"
"JUNK1",2001.90183665432,60.433,35
"QT1",2004.95831881696,60.102,34.24
"QT2",2011.45544773809,59.852,34.24
"BT1",1789.09768454304,60.367,33.54
"BT2",1788.04911162467,59.866,33.54
"BT3",1787.83880291917,59.91,33.54
