"SampleID","TA","Mass","Salinity"
"JUNK 1",2537.09420601054,60.106,35
"CRM 1",2220.89269445989,60.208,33.623
