"SampleID","TA","Mass","Salinity"
"JUNK 1",2538.00404281331,59.725,35
"POR-338_20200909_2",2286.21639960329,60.178,40.61
"Initial1_20200909_2",2331.52126354533,60.177,40.34
"POR-383_20200909_2",2258.89333377513,60.472,40.18
"POR-354_20200912_3",2267.02904913258,59.979,39.94
"POR-353_20200909_1",2303.5356210097,59.46,39.94
"POR-341_20200909_2",2221.63387592229,59.672,40.38
"BK-2_20200909_2",2314.59018700163,59.823,39.87
"POC-391_20200912_3",2319.23501875497,60.119,39.73
