"SampleID","TA","Mass","Salinity"
"JUNK 1",2537.42450124029,60.207,35
"Initial2_20200909_2",2349.06731831046,59.741,40.49
"POC-359_20200909_1",2335.40505787849,59.578,40.52
"POC-369_20200909_2",2286.28667826044,60.163,40.5
"POC-378_20200909_2",2264.71635910262,59.926,40.63
"POC-395_20200909_2",2315.40556459076,59.611,40.63
"POR-349_20200909_2",2259.58309865433,60.468,40.66
"POR-355_20200909_2",2269.82512630738,59.525,40.59
"POR-384_20200909_2",2277.95517206157,60.238,40.7
