"SampleID","TA","Mass","Salinity"
"JUNK 1",2973.47482846682,59.946,35
"Initial2_20200108_10",2342.27335164998,51.074,37.41
"POR-365_20200108_10",2317.11089465117,50.306,37.66
"POR-367_20200108_10",2324.75938872029,50.397,37.55
"BK-10_20200108_10",2345.53727859283,50.996,38.03
"ACR-351_20200108_10",2306.23493419559,48.197,37.32
"ACR-374_20200108_10",2308.43032366482,50.484,37.65
"POC-375_20200108_10",2320.4523638623,50.271,37.57
"POC-386_20200108_10",2343.08793406359,49.01,37.94
