"SampleID","TA","Mass","Salinity"
"JUNK 1",2535.93081477753,59.733,35
"Initial 1",2337.25625462738,60.379,40.34
"Initial 2",2348.7913115155,60.446,40.41
"ACR_343",2333.80991013033,60.081,40.35
"POR_340",2218.77808384873,59.626,40.16
"POR_362",2265.81267333312,60.031,40.29
"POR_381",2145.78801750961,59.934,40.3
"POR_387",2295.43893588795,60.478,40.35
"POC_373",2286.19553578188,60.173,40.26
