"SampleID","TA","Mass","Salinity"
"JUNK1",2070.05432034293,60.455,35
"CRM1",2238.47753151133,60.437,33.532
