"SampleID","TA","Mass","Salinity"
"JUNK1",2081.42578427415,60.011,35
"CRM",2226.06305500282,60.025,33.623
