"SampleID","TA","Mass","Salinity"
"JUNK 1",2653.11975318947,49.816,35
"CRM",2223.17902102321,59.076,33.623
