"SampleID","TA","Mass","Salinity"
"JUNK 1",2647.59595959135,55.731,35
"ACR-176_20200110_12",2243.91881635924,51.99,36.98
"POC-56_20200110_12",2323.02740398152,51.709,37.21
"POR-69_20200110_12",2280.55526142572,53.379,37.18
"POR-75_20200110_12",2246.50921338846,49.872,37.2
"Initial2_20200110_13",2370.49297261928,47.291,37.73
"Initial2_20200110_12",2337.92610258679,49.897,37.47
"POC-41_20200110_13",2306.66837416542,49.607,37.28
"POC-43_20200110_13",2309.73417233133,50.101,37.4
