"SampleID","TA","Mass","Salinity"
"JUNK 1",2643.79376505489,59.707,35
"POR-70_20200109_11",2342.65016602143,47.102,41.18
"POR-76_20200109_11",2314.69551865192,51.649,37.55
"POR-80_20200109_11",2339.53290545511,48.432,37.83
"ACR-150_20200109_11",2293.27016276278,46.331,37.93
"ACR-396_20200108_9",2298.18116907455,54.322,37.22
"BK-11_20200109_11",2338.51883814295,49.935,37.6
"POC-42_20200109_11",2319.72445796617,48.979,37.82
"POC-44_20200109_11",2387.20571489955,48.055,38.71
