"SampleID","TA","Mass","Salinity"
"JUNK 1",2645.13667930642,59.69,35
"ACR-51_20200109_11",2323.50066248607,49.59,37.84
"ACR-140_20200110_12",2295.45644060238,50.685,37.73
"ACR-180_20200109_11",2323.09432119375,50.718,38.2
"ACR-193_20200110_12",2288.35922725745,51.965,37.87
"POC-47_20200110_12",2293.71725528827,52.933,38.18
"POC-48_20200110_12",2292.89801443444,51.152,38.12
"BK-12_20200110_12",2332.94471556361,51.275,38.06
"POR-78_20200110_12",2245.37962119199,52.171,38.14
